-- ========== INSERT DATA ==========
-- Insert data for M_ROLES
INSERT INTO `Shop`.`M_ROLES` (`ROLE_ID`, `ROLE_NAME`, `ROLE_DELETE_FLG`, `ROLE_CREATED_AT`, `ROLE_CREATED_AT_SYSTEM`, `ROLE_UPDATED_AT`, `ROLE_UPDATED_AT_SYSTEM`) 
VALUES  ('1001', 'Admin', '0', '1738999819000', '2025-02-08 14:30:19', '1738999819000', '2025-02-08 14:30:19'),
		('1002', 'Shop', '0', '1738999819000', '2025-02-08 14:30:19', '1738999819000', '2025-02-08 14:30:19'),
		('1003', 'Buyer', '0', '1738999819000', '2025-02-08 14:30:19', '1738999819000', '2025-02-08 14:30:19'),
		('1004', 'Shipper', '0', '1738999819000', '2025-02-08 14:30:19', '1738999819000', '2025-02-08 14:30:19');

-- Insert data for M_USERS        
INSERT INTO `Shop`.`M_USERS` (`USER_ID`, `USER_FIRST_NAME`, `USER_LAST_NAME`, `USER_NAME`, `USER_EMAIL`, `USER_PASSWORD`, `USER_PHONE_NUMBER`, `USER_ADDRESS`, `USER_DELETE_FLG`, `USER_CREATED_AT`, `USER_CREATED_AT_SYSTEM`, `USER_UPDATED_AT`, `USER_UPDATED_AT_SYSTEM`)
VALUES  ('S10001', 'Admin', 'Phạm', 'admin', 'admin@gmail.com', '123456', '0386158494', 'Quảng Ngãi', '0', '1738999819000', '2025-02-08 14:30:19', '1738999819000', '2025-02-08 14:30:19'),
		('S10002', 'Shop1', 'Nguyễn', 'shop1', 'shop1@gmail.com', '123456', '0386158494', 'Quảng Ngãi', '0', '1738999819000', '2025-02-08 14:30:19', '1738999819000', '2025-02-08 14:30:19'),
        ('S10003', 'Shop2', 'Phạm', 'shop2', 'shop2@gmail.com', '123456', '0386158494', 'Quảng Ngãi', '0', '1738999819000', '2025-02-08 14:30:19', '1738999819000', '2025-02-08 14:30:19'),
        ('S10004', 'Buyer1', 'Nguyễn', 'buyer1', 'buyer1@gmail.com', '123456', '0386158494', 'Quảng Ngãi', '0', '1738999819000', '2025-02-08 14:30:19', '1738999819000', '2025-02-08 14:30:19'),
        ('S10005', 'Buyer2', 'Phạm', 'buyer2', 'buyer2@gmail.com', '123456', '0386158494', 'Quảng Ngãi', '0', '1738999819000', '2025-02-08 14:30:19', '1738999819000', '2025-02-08 14:30:19'),
        ('S10006', 'Buyer3', 'Quốc', 'buyer3', 'buyer3@gmail.com', '123456', '0386158494', 'Quảng Ngãi', '0', '1738999819000', '2025-02-08 14:30:19', '1738999819000', '2025-02-08 14:30:19'),
        ('S10007', 'Buyer4', 'Huỳnh', 'buyer4', 'buyer4@gmail.com', '123456', '0386158494', 'Quảng Ngãi', '0', '1738999819000', '2025-02-08 14:30:19', '1738999819000', '2025-02-08 14:30:19'),
        ('S10008', 'Buyer5', 'Trương', 'buyer5', 'buyer5@gmail.com', '123456', '0386158494', 'Quảng Ngãi', '0', '1738999819000', '2025-02-08 14:30:19', '1738999819000', '2025-02-08 14:30:19'),
        ('S10009', 'Buyer6', 'Trần', 'buyer6', 'buyer6@gmail.com', '123456', '0386158494', 'Quảng Ngãi', '0', '1738999819000', '2025-02-08 14:30:19', '1738999819000', '2025-02-08 14:30:19'),
        ('S10010', 'Shipper1', 'Nguyễn', 'shipper1', 'shipper1@gmail.com', '123456', '0386158494', 'Quảng Ngãi', '0', '1738999819000', '2025-02-08 14:30:19', '1738999819000', '2025-02-08 14:30:19'),
        ('S10011', 'Shipper2', 'Phạm', 'shipper2', 'shipper2@gmail.com', '123456', '0386158494', 'Quảng Ngãi', '0', '1738999819000', '2025-02-08 14:30:19', '1738999819000', '2025-02-08 14:30:19'),
        ('S10012', 'Taan', 'Phạm Ngọc', 'ngoctan2k1', 'phamngoctan2016@gmail.com', '123456', '0386158494', 'Quảng Ngãi', '0', '1738999819000', '2025-02-08 14:30:19', '1738999819000', '2025-02-08 14:30:19');

-- Insert data for M_USERS_ROLES  
INSERT INTO `Shop`.`R_USERS_ROLES` (`USER_ID`, `ROLE_ID`, `DELETE_FLG`, `CREATED_AT`, `CREATED_AT_SYSTEM`, `UPDATED_AT`, `UPDATED_AT_SYSTEM`)
VALUES  ('S10001', '1001', '0', '1738999819000', '2025-02-08 14:30:19', '1738999819000', '2025-02-08 14:30:19'),
		('S10002', '1002', '0', '1738999819000', '2025-02-08 14:30:19', '1738999819000', '2025-02-08 14:30:19'),
        ('S10002', '1003', '0', '1738999819000', '2025-02-08 14:30:19', '1738999819000', '2025-02-08 14:30:19'),
        ('S10002', '1004', '0', '1738999819000', '2025-02-08 14:30:19', '1738999819000', '2025-02-08 14:30:19'),
        ('S10003', '1002', '0', '1738999819000', '2025-02-08 14:30:19', '1738999819000', '2025-02-08 14:30:19'),
        ('S10003', '1003', '0', '1738999819000', '2025-02-08 14:30:19', '1738999819000', '2025-02-08 14:30:19'),
		('S10004', '1002', '0', '1738999819000', '2025-02-08 14:30:19', '1738999819000', '2025-02-08 14:30:19'),
        ('S10004', '1003', '0', '1738999819000', '2025-02-08 14:30:19', '1738999819000', '2025-02-08 14:30:19'),
        ('S10004', '1004', '0', '1738999819000', '2025-02-08 14:30:19', '1738999819000', '2025-02-08 14:30:19'),
        ('S10005', '1002', '0', '1738999819000', '2025-02-08 14:30:19', '1738999819000', '2025-02-08 14:30:19'),
        ('S10005', '1003', '0', '1738999819000', '2025-02-08 14:30:19', '1738999819000', '2025-02-08 14:30:19'),
		('S10006', '1003', '0', '1738999819000', '2025-02-08 14:30:19', '1738999819000', '2025-02-08 14:30:19'),
        ('S10006', '1004', '0', '1738999819000', '2025-02-08 14:30:19', '1738999819000', '2025-02-08 14:30:19'),
        ('S10007', '1003', '0', '1738999819000', '2025-02-08 14:30:19', '1738999819000', '2025-02-08 14:30:19'),
        ('S10008', '1003', '0', '1738999819000', '2025-02-08 14:30:19', '1738999819000', '2025-02-08 14:30:19'),
        ('S10008', '1004', '0', '1738999819000', '2025-02-08 14:30:19', '1738999819000', '2025-02-08 14:30:19'),
        ('S10009', '1003', '0', '1738999819000', '2025-02-08 14:30:19', '1738999819000', '2025-02-08 14:30:19'),
        ('S10010', '1003', '0', '1738999819000', '2025-02-08 14:30:19', '1738999819000', '2025-02-08 14:30:19'),
		('S10010', '1004', '0', '1738999819000', '2025-02-08 14:30:19', '1738999819000', '2025-02-08 14:30:19'),
        ('S10011', '1004', '0', '1738999819000', '2025-02-08 14:30:19', '1738999819000', '2025-02-08 14:30:19'),
        ('S10011', '1002', '0', '1738999819000', '2025-02-08 14:30:19', '1738999819000', '2025-02-08 14:30:19'),
        ('S10012', '1001', '0', '1738999819000', '2025-02-08 14:30:19', '1738999819000', '2025-02-08 14:30:19'),
        ('S10012', '1002', '0', '1738999819000', '2025-02-08 14:30:19', '1738999819000', '2025-02-08 14:30:19'),
        ('S10012', '1003', '0', '1738999819000', '2025-02-08 14:30:19', '1738999819000', '2025-02-08 14:30:19'),
        ('S10012', '1004', '0', '1738999819000', '2025-02-08 14:30:19', '1738999819000', '2025-02-08 14:30:19');